"filename", "language", "Log", "JSON", "C++", "Makefile", "Markdown", "CMake", "C", "CMake Cache", "Python", "Shell Script", "comment", "blank", "total"
"/home/huangli/BTDWork/RDL-Router/router-w-heuristic-pin-assignment/solver20211008_3/Min_cost_solver/Min-Cost-Network-Flow-Lemon/Makefile", "Makefile", 0, 0, 0, 9, 0, 0, 0, 0, 0, 0, 0, 4, 13
"/home/huangli/BTDWork/RDL-Router/router-w-heuristic-pin-assignment/solver20211008_3/Min_cost_solver/Min-Cost-Network-Flow-Lemon/MinC.cpp", "C++", 0, 0, 152, 0, 0, 0, 0, 0, 0, 0, 49, 75, 276
"/home/huangli/BTDWork/RDL-Router/router-w-heuristic-pin-assignment/solver20211008_3/Min_cost_solver/Min-Cost-Network-Flow-Lemon/README.md", "Markdown", 0, 0, 0, 0, 18, 0, 0, 0, 0, 0, 0, 9, 27
"/home/huangli/BTDWork/RDL-Router/router-w-heuristic-pin-assignment/solver20211008_3/Min_cost_solver/Min-Cost-Network-Flow-Lemon/lemon/CMakeCache.txt", "CMake Cache", 0, 0, 0, 0, 0, 0, 0, 311, 0, 0, 0, 68, 379
"/home/huangli/BTDWork/RDL-Router/router-w-heuristic-pin-assignment/solver20211008_3/Min_cost_solver/Min-Cost-Network-Flow-Lemon/lemon/CMakeFiles/3.16.5/CMakeCCompiler.cmake", "CMake", 0, 0, 0, 0, 0, 60, 0, 0, 0, 0, 0, 17, 77
"/home/huangli/BTDWork/RDL-Router/router-w-heuristic-pin-assignment/solver20211008_3/Min_cost_solver/Min-Cost-Network-Flow-Lemon/lemon/CMakeFiles/3.16.5/CMakeCXXCompiler.cmake", "CMake", 0, 0, 0, 0, 0, 70, 0, 0, 0, 0, 0, 19, 89
"/home/huangli/BTDWork/RDL-Router/router-w-heuristic-pin-assignment/solver20211008_3/Min_cost_solver/Min-Cost-Network-Flow-Lemon/lemon/CMakeFiles/3.16.5/CMakeSystem.cmake", "CMake", 0, 0, 0, 0, 0, 10, 0, 0, 0, 0, 0, 6, 16
"/home/huangli/BTDWork/RDL-Router/router-w-heuristic-pin-assignment/solver20211008_3/Min_cost_solver/Min-Cost-Network-Flow-Lemon/lemon/CMakeFiles/3.16.5/CompilerIdC/CMakeCCompilerId.c", "C", 0, 0, 0, 0, 0, 0, 507, 0, 0, 0, 50, 115, 672
"/home/huangli/BTDWork/RDL-Router/router-w-heuristic-pin-assignment/solver20211008_3/Min_cost_solver/Min-Cost-Network-Flow-Lemon/lemon/CMakeFiles/3.16.5/CompilerIdCXX/CMakeCXXCompilerId.cpp", "C++", 0, 0, 496, 0, 0, 0, 0, 0, 0, 0, 52, 113, 661
"/home/huangli/BTDWork/RDL-Router/router-w-heuristic-pin-assignment/solver20211008_3/Min_cost_solver/Min-Cost-Network-Flow-Lemon/lemon/CMakeFiles/CMakeDirectoryInformation.cmake", "CMake", 0, 0, 0, 0, 0, 12, 0, 0, 0, 0, 0, 5, 17
"/home/huangli/BTDWork/RDL-Router/router-w-heuristic-pin-assignment/solver20211008_3/Min_cost_solver/Min-Cost-Network-Flow-Lemon/lemon/CMakeFiles/CMakeOutput.log", "Log", 439, 0, 0, 0, 0, 0, 0, 0, 0, 0, 0, 39, 478
"/home/huangli/BTDWork/RDL-Router/router-w-heuristic-pin-assignment/solver20211008_3/Min_cost_solver/Min-Cost-Network-Flow-Lemon/lemon/CMakeFiles/Makefile.cmake", "CMake", 0, 0, 0, 0, 0, 48, 0, 0, 0, 0, 0, 6, 54
"/home/huangli/BTDWork/RDL-Router/router-w-heuristic-pin-assignment/solver20211008_3/Min_cost_solver/Min-Cost-Network-Flow-Lemon/lemon/CMakeFiles/lemon.dir/DependInfo.cmake", "CMake", 0, 0, 0, 0, 0, 24, 0, 0, 0, 0, 0, 4, 28
"/home/huangli/BTDWork/RDL-Router/router-w-heuristic-pin-assignment/solver20211008_3/Min_cost_solver/Min-Cost-Network-Flow-Lemon/lemon/CMakeFiles/lemon.dir/cmake_clean.cmake", "CMake", 0, 0, 0, 0, 0, 15, 0, 0, 0, 0, 0, 2, 17
"/home/huangli/BTDWork/RDL-Router/router-w-heuristic-pin-assignment/solver20211008_3/Min_cost_solver/Min-Cost-Network-Flow-Lemon/lemon/CMakeFiles/lemon.dir/cmake_clean_target.cmake", "CMake", 0, 0, 0, 0, 0, 3, 0, 0, 0, 0, 0, 1, 4
"/home/huangli/BTDWork/RDL-Router/router-w-heuristic-pin-assignment/solver20211008_3/Min_cost_solver/Min-Cost-Network-Flow-Lemon/lemon/Makefile", "Makefile", 0, 0, 0, 181, 0, 0, 0, 0, 0, 0, 69, 75, 325
"/home/huangli/BTDWork/RDL-Router/router-w-heuristic-pin-assignment/solver20211008_3/Min_cost_solver/Min-Cost-Network-Flow-Lemon/lemon/adaptors.h", "C++", 0, 0, 2336, 0, 0, 0, 0, 0, 0, 0, 674, 629, 3639
"/home/huangli/BTDWork/RDL-Router/router-w-heuristic-pin-assignment/solver20211008_3/Min_cost_solver/Min-Cost-Network-Flow-Lemon/lemon/arg_parser.cc", "C++", 0, 0, 419, 0, 0, 0, 0, 0, 0, 0, 17, 39, 475
"/home/huangli/BTDWork/RDL-Router/router-w-heuristic-pin-assignment/solver20211008_3/Min_cost_solver/Min-Cost-Network-Flow-Lemon/lemon/arg_parser.h", "C++", 0, 0, 211, 0, 0, 0, 0, 0, 0, 0, 145, 85, 441
"/home/huangli/BTDWork/RDL-Router/router-w-heuristic-pin-assignment/solver20211008_3/Min_cost_solver/Min-Cost-Network-Flow-Lemon/lemon/assert.h", "C++", 0, 0, 101, 0, 0, 0, 0, 0, 0, 0, 91, 23, 215
"/home/huangli/BTDWork/RDL-Router/router-w-heuristic-pin-assignment/solver20211008_3/Min_cost_solver/Min-Cost-Network-Flow-Lemon/lemon/base.cc", "C++", 0, 0, 12, 0, 0, 0, 0, 0, 0, 0, 19, 7, 38
"/home/huangli/BTDWork/RDL-Router/router-w-heuristic-pin-assignment/solver20211008_3/Min_cost_solver/Min-Cost-Network-Flow-Lemon/lemon/bellman_ford.h", "C++", 0, 0, 464, 0, 0, 0, 0, 0, 0, 0, 537, 116, 1117
"/home/huangli/BTDWork/RDL-Router/router-w-heuristic-pin-assignment/solver20211008_3/Min_cost_solver/Min-Cost-Network-Flow-Lemon/lemon/bfs.h", "C++", 0, 0, 746, 0, 0, 0, 0, 0, 0, 0, 807, 202, 1755
"/home/huangli/BTDWork/RDL-Router/router-w-heuristic-pin-assignment/solver20211008_3/Min_cost_solver/Min-Cost-Network-Flow-Lemon/lemon/bin_heap.h", "C++", 0, 0, 161, 0, 0, 0, 0, 0, 0, 0, 149, 38, 348
"/home/huangli/BTDWork/RDL-Router/router-w-heuristic-pin-assignment/solver20211008_3/Min_cost_solver/Min-Cost-Network-Flow-Lemon/lemon/binomial_heap.h", "C++", 0, 0, 252, 0, 0, 0, 0, 0, 0, 0, 147, 47, 446
"/home/huangli/BTDWork/RDL-Router/router-w-heuristic-pin-assignment/solver20211008_3/Min_cost_solver/Min-Cost-Network-Flow-Lemon/lemon/bits/alteration_notifier.h", "C++", 0, 0, 187, 0, 0, 0, 0, 0, 0, 0, 226, 60, 473
"/home/huangli/BTDWork/RDL-Router/router-w-heuristic-pin-assignment/solver20211008_3/Min_cost_solver/Min-Cost-Network-Flow-Lemon/lemon/bits/array_map.h", "C++", 0, 0, 210, 0, 0, 0, 0, 0, 0, 0, 101, 41, 352
"/home/huangli/BTDWork/RDL-Router/router-w-heuristic-pin-assignment/solver20211008_3/Min_cost_solver/Min-Cost-Network-Flow-Lemon/lemon/bits/bezier.h", "C++", 0, 0, 126, 0, 0, 0, 0, 0, 0, 0, 26, 23, 175
"/home/huangli/BTDWork/RDL-Router/router-w-heuristic-pin-assignment/solver20211008_3/Min_cost_solver/Min-Cost-Network-Flow-Lemon/lemon/bits/default_map.h", "C++", 0, 0, 98, 0, 0, 0, 0, 0, 0, 0, 39, 46, 183
"/home/huangli/BTDWork/RDL-Router/router-w-heuristic-pin-assignment/solver20211008_3/Min_cost_solver/Min-Cost-Network-Flow-Lemon/lemon/bits/edge_set_extender.h", "C++", 0, 0, 393, 0, 0, 0, 0, 0, 0, 0, 68, 167, 628
"/home/huangli/BTDWork/RDL-Router/router-w-heuristic-pin-assignment/solver20211008_3/Min_cost_solver/Min-Cost-Network-Flow-Lemon/lemon/bits/enable_if.h", "C++", 0, 0, 54, 0, 0, 0, 0, 0, 0, 0, 41, 37, 132
"/home/huangli/BTDWork/RDL-Router/router-w-heuristic-pin-assignment/solver20211008_3/Min_cost_solver/Min-Cost-Network-Flow-Lemon/lemon/bits/graph_adaptor_extender.h", "C++", 0, 0, 268, 0, 0, 0, 0, 0, 0, 0, 19, 115, 402
"/home/huangli/BTDWork/RDL-Router/router-w-heuristic-pin-assignment/solver20211008_3/Min_cost_solver/Min-Cost-Network-Flow-Lemon/lemon/bits/graph_extender.h", "C++", 0, 0, 919, 0, 0, 0, 0, 0, 0, 0, 93, 321, 1333
"/home/huangli/BTDWork/RDL-Router/router-w-heuristic-pin-assignment/solver20211008_3/Min_cost_solver/Min-Cost-Network-Flow-Lemon/lemon/bits/lock.h", "C++", 0, 0, 42, 0, 0, 0, 0, 0, 0, 0, 17, 7, 66
"/home/huangli/BTDWork/RDL-Router/router-w-heuristic-pin-assignment/solver20211008_3/Min_cost_solver/Min-Cost-Network-Flow-Lemon/lemon/bits/map_extender.h", "C++", 0, 0, 209, 0, 0, 0, 0, 0, 0, 0, 25, 99, 333
"/home/huangli/BTDWork/RDL-Router/router-w-heuristic-pin-assignment/solver20211008_3/Min_cost_solver/Min-Cost-Network-Flow-Lemon/lemon/bits/path_dump.h", "C++", 0, 0, 128, 0, 0, 0, 0, 0, 0, 0, 17, 33, 178
"/home/huangli/BTDWork/RDL-Router/router-w-heuristic-pin-assignment/solver20211008_3/Min_cost_solver/Min-Cost-Network-Flow-Lemon/lemon/bits/solver_bits.h", "C++", 0, 0, 147, 0, 0, 0, 0, 0, 0, 0, 17, 31, 195
"/home/huangli/BTDWork/RDL-Router/router-w-heuristic-pin-assignment/solver20211008_3/Min_cost_solver/Min-Cost-Network-Flow-Lemon/lemon/bits/traits.h", "C++", 0, 0, 281, 0, 0, 0, 0, 0, 0, 0, 21, 87, 389
"/home/huangli/BTDWork/RDL-Router/router-w-heuristic-pin-assignment/solver20211008_3/Min_cost_solver/Min-Cost-Network-Flow-Lemon/lemon/bits/variant.h", "C++", 0, 0, 262, 0, 0, 0, 0, 0, 0, 0, 161, 72, 495
"/home/huangli/BTDWork/RDL-Router/router-w-heuristic-pin-assignment/solver20211008_3/Min_cost_solver/Min-Cost-Network-Flow-Lemon/lemon/bits/vector_map.h", "C++", 0, 0, 103, 0, 0, 0, 0, 0, 0, 0, 102, 40, 245
"/home/huangli/BTDWork/RDL-Router/router-w-heuristic-pin-assignment/solver20211008_3/Min_cost_solver/Min-Cost-Network-Flow-Lemon/lemon/bits/windows.cc", "C++", 0, 0, 132, 0, 0, 0, 0, 0, 0, 0, 19, 16, 167
"/home/huangli/BTDWork/RDL-Router/router-w-heuristic-pin-assignment/solver20211008_3/Min_cost_solver/Min-Cost-Network-Flow-Lemon/lemon/bits/windows.h", "C++", 0, 0, 22, 0, 0, 0, 0, 0, 0, 0, 17, 6, 45
"/home/huangli/BTDWork/RDL-Router/router-w-heuristic-pin-assignment/solver20211008_3/Min_cost_solver/Min-Cost-Network-Flow-Lemon/lemon/bucket_heap.h", "C++", 0, 0, 285, 0, 0, 0, 0, 0, 0, 0, 240, 70, 595
"/home/huangli/BTDWork/RDL-Router/router-w-heuristic-pin-assignment/solver20211008_3/Min_cost_solver/Min-Cost-Network-Flow-Lemon/lemon/capacity_scaling.h", "C++", 0, 0, 534, 0, 0, 0, 0, 0, 0, 0, 373, 108, 1015
"/home/huangli/BTDWork/RDL-Router/router-w-heuristic-pin-assignment/solver20211008_3/Min_cost_solver/Min-Cost-Network-Flow-Lemon/lemon/cbc.cc", "C++", 0, 0, 352, 0, 0, 0, 0, 0, 0, 0, 19, 90, 461
"/home/huangli/BTDWork/RDL-Router/router-w-heuristic-pin-assignment/solver20211008_3/Min_cost_solver/Min-Cost-Network-Flow-Lemon/lemon/cbc.h", "C++", 0, 0, 66, 0, 0, 0, 0, 0, 0, 0, 29, 35, 130
"/home/huangli/BTDWork/RDL-Router/router-w-heuristic-pin-assignment/solver20211008_3/Min_cost_solver/Min-Cost-Network-Flow-Lemon/lemon/christofides_tsp.h", "C++", 0, 0, 115, 0, 0, 0, 0, 0, 0, 0, 105, 35, 255
"/home/huangli/BTDWork/RDL-Router/router-w-heuristic-pin-assignment/solver20211008_3/Min_cost_solver/Min-Cost-Network-Flow-Lemon/lemon/circulation.h", "C++", 0, 0, 382, 0, 0, 0, 0, 0, 0, 0, 324, 102, 808
"/home/huangli/BTDWork/RDL-Router/router-w-heuristic-pin-assignment/solver20211008_3/Min_cost_solver/Min-Cost-Network-Flow-Lemon/lemon/clp.cc", "C++", 0, 0, 368, 0, 0, 0, 0, 0, 0, 0, 17, 80, 465
"/home/huangli/BTDWork/RDL-Router/router-w-heuristic-pin-assignment/solver20211008_3/Min_cost_solver/Min-Cost-Network-Flow-Lemon/lemon/clp.h", "C++", 0, 0, 79, 0, 0, 0, 0, 0, 0, 0, 37, 49, 165
"/home/huangli/BTDWork/RDL-Router/router-w-heuristic-pin-assignment/solver20211008_3/Min_cost_solver/Min-Cost-Network-Flow-Lemon/lemon/cmake_install.cmake", "CMake", 0, 0, 0, 0, 0, 58, 0, 0, 0, 0, 0, 12, 70
"/home/huangli/BTDWork/RDL-Router/router-w-heuristic-pin-assignment/solver20211008_3/Min_cost_solver/Min-Cost-Network-Flow-Lemon/lemon/color.cc", "C++", 0, 0, 18, 0, 0, 0, 0, 0, 0, 0, 19, 8, 45
"/home/huangli/BTDWork/RDL-Router/router-w-heuristic-pin-assignment/solver20211008_3/Min_cost_solver/Min-Cost-Network-Flow-Lemon/lemon/color.h", "C++", 0, 0, 101, 0, 0, 0, 0, 0, 0, 0, 78, 26, 205
"/home/huangli/BTDWork/RDL-Router/router-w-heuristic-pin-assignment/solver20211008_3/Min_cost_solver/Min-Cost-Network-Flow-Lemon/lemon/concept_check.h", "C++", 0, 0, 38, 0, 0, 0, 0, 0, 0, 0, 29, 11, 78
"/home/huangli/BTDWork/RDL-Router/router-w-heuristic-pin-assignment/solver20211008_3/Min_cost_solver/Min-Cost-Network-Flow-Lemon/lemon/concepts/bpgraph.h", "C++", 0, 0, 288, 0, 0, 0, 0, 0, 0, 0, 557, 185, 1030
"/home/huangli/BTDWork/RDL-Router/router-w-heuristic-pin-assignment/solver20211008_3/Min_cost_solver/Min-Cost-Network-Flow-Lemon/lemon/concepts/digraph.h", "C++", 0, 0, 136, 0, 0, 0, 0, 0, 0, 0, 264, 92, 492
"/home/huangli/BTDWork/RDL-Router/router-w-heuristic-pin-assignment/solver20211008_3/Min_cost_solver/Min-Cost-Network-Flow-Lemon/lemon/concepts/graph.h", "C++", 0, 0, 209, 0, 0, 0, 0, 0, 0, 0, 445, 135, 789
"/home/huangli/BTDWork/RDL-Router/router-w-heuristic-pin-assignment/solver20211008_3/Min_cost_solver/Min-Cost-Network-Flow-Lemon/lemon/concepts/graph_components.h", "C++", 0, 0, 979, 0, 0, 0, 0, 0, 0, 0, 817, 339, 2135
"/home/huangli/BTDWork/RDL-Router/router-w-heuristic-pin-assignment/solver20211008_3/Min_cost_solver/Min-Cost-Network-Flow-Lemon/lemon/concepts/heap.h", "C++", 0, 0, 138, 0, 0, 0, 0, 0, 0, 0, 147, 40, 325
"/home/huangli/BTDWork/RDL-Router/router-w-heuristic-pin-assignment/solver20211008_3/Min_cost_solver/Min-Cost-Network-Flow-Lemon/lemon/concepts/maps.h", "C++", 0, 0, 129, 0, 0, 0, 0, 0, 0, 0, 58, 37, 224
"/home/huangli/BTDWork/RDL-Router/router-w-heuristic-pin-assignment/solver20211008_3/Min_cost_solver/Min-Cost-Network-Flow-Lemon/lemon/concepts/path.h", "C++", 0, 0, 140, 0, 0, 0, 0, 0, 0, 0, 112, 61, 313
"/home/huangli/BTDWork/RDL-Router/router-w-heuristic-pin-assignment/solver20211008_3/Min_cost_solver/Min-Cost-Network-Flow-Lemon/lemon/config.h", "C++", 0, 0, 6, 0, 0, 0, 0, 0, 0, 0, 12, 5, 23
"/home/huangli/BTDWork/RDL-Router/router-w-heuristic-pin-assignment/solver20211008_3/Min_cost_solver/Min-Cost-Network-Flow-Lemon/lemon/connectivity.h", "C++", 0, 0, 1054, 0, 0, 0, 0, 0, 0, 0, 397, 238, 1689
"/home/huangli/BTDWork/RDL-Router/router-w-heuristic-pin-assignment/solver20211008_3/Min_cost_solver/Min-Cost-Network-Flow-Lemon/lemon/core.h", "C++", 0, 0, 1422, 0, 0, 0, 0, 0, 0, 0, 808, 277, 2507
"/home/huangli/BTDWork/RDL-Router/router-w-heuristic-pin-assignment/solver20211008_3/Min_cost_solver/Min-Cost-Network-Flow-Lemon/lemon/cost_scaling.h", "C++", 0, 0, 982, 0, 0, 0, 0, 0, 0, 0, 454, 172, 1608
"/home/huangli/BTDWork/RDL-Router/router-w-heuristic-pin-assignment/solver20211008_3/Min_cost_solver/Min-Cost-Network-Flow-Lemon/lemon/counter.h", "C++", 0, 0, 107, 0, 0, 0, 0, 0, 0, 0, 117, 26, 250
"/home/huangli/BTDWork/RDL-Router/router-w-heuristic-pin-assignment/solver20211008_3/Min_cost_solver/Min-Cost-Network-Flow-Lemon/lemon/cplex.cc", "C++", 0, 0, 694, 0, 0, 0, 0, 0, 0, 0, 167, 134, 995
"/home/huangli/BTDWork/RDL-Router/router-w-heuristic-pin-assignment/solver20211008_3/Min_cost_solver/Min-Cost-Network-Flow-Lemon/lemon/cplex.h", "C++", 0, 0, 140, 0, 0, 0, 0, 0, 0, 0, 78, 75, 293
"/home/huangli/BTDWork/RDL-Router/router-w-heuristic-pin-assignment/solver20211008_3/Min_cost_solver/Min-Cost-Network-Flow-Lemon/lemon/cycle_canceling.h", "C++", 0, 0, 732, 0, 0, 0, 0, 0, 0, 0, 381, 118, 1231
"/home/huangli/BTDWork/RDL-Router/router-w-heuristic-pin-assignment/solver20211008_3/Min_cost_solver/Min-Cost-Network-Flow-Lemon/lemon/dfs.h", "C++", 0, 0, 701, 0, 0, 0, 0, 0, 0, 0, 737, 200, 1638
"/home/huangli/BTDWork/RDL-Router/router-w-heuristic-pin-assignment/solver20211008_3/Min_cost_solver/Min-Cost-Network-Flow-Lemon/lemon/dheap.h", "C++", 0, 0, 157, 0, 0, 0, 0, 0, 0, 0, 162, 34, 353
"/home/huangli/BTDWork/RDL-Router/router-w-heuristic-pin-assignment/solver20211008_3/Min_cost_solver/Min-Cost-Network-Flow-Lemon/lemon/dijkstra.h", "C++", 0, 0, 569, 0, 0, 0, 0, 0, 0, 0, 566, 169, 1304
"/home/huangli/BTDWork/RDL-Router/router-w-heuristic-pin-assignment/solver20211008_3/Min_cost_solver/Min-Cost-Network-Flow-Lemon/lemon/dim2.h", "C++", 0, 0, 370, 0, 0, 0, 0, 0, 0, 0, 214, 143, 727
"/home/huangli/BTDWork/RDL-Router/router-w-heuristic-pin-assignment/solver20211008_3/Min_cost_solver/Min-Cost-Network-Flow-Lemon/lemon/dimacs.h", "C++", 0, 0, 289, 0, 0, 0, 0, 0, 0, 0, 131, 29, 449
"/home/huangli/BTDWork/RDL-Router/router-w-heuristic-pin-assignment/solver20211008_3/Min_cost_solver/Min-Cost-Network-Flow-Lemon/lemon/edge_set.h", "C++", 0, 0, 960, 0, 0, 0, 0, 0, 0, 0, 186, 275, 1421
"/home/huangli/BTDWork/RDL-Router/router-w-heuristic-pin-assignment/solver20211008_3/Min_cost_solver/Min-Cost-Network-Flow-Lemon/lemon/edmonds_karp.h", "C++", 0, 0, 267, 0, 0, 0, 0, 0, 0, 0, 217, 73, 557
"/home/huangli/BTDWork/RDL-Router/router-w-heuristic-pin-assignment/solver20211008_3/Min_cost_solver/Min-Cost-Network-Flow-Lemon/lemon/elevator.h", "C++", 0, 0, 585, 0, 0, 0, 0, 0, 0, 0, 253, 145, 983
"/home/huangli/BTDWork/RDL-Router/router-w-heuristic-pin-assignment/solver20211008_3/Min_cost_solver/Min-Cost-Network-Flow-Lemon/lemon/error.h", "C++", 0, 0, 159, 0, 0, 0, 0, 0, 0, 0, 76, 42, 277
"/home/huangli/BTDWork/RDL-Router/router-w-heuristic-pin-assignment/solver20211008_3/Min_cost_solver/Min-Cost-Network-Flow-Lemon/lemon/euler.h", "C++", 0, 0, 145, 0, 0, 0, 0, 0, 0, 0, 112, 31, 288
"/home/huangli/BTDWork/RDL-Router/router-w-heuristic-pin-assignment/solver20211008_3/Min_cost_solver/Min-Cost-Network-Flow-Lemon/lemon/fib_heap.h", "C++", 0, 0, 261, 0, 0, 0, 0, 0, 0, 0, 153, 62, 476
"/home/huangli/BTDWork/RDL-Router/router-w-heuristic-pin-assignment/solver20211008_3/Min_cost_solver/Min-Cost-Network-Flow-Lemon/lemon/fractional_matching.h", "C++", 0, 0, 1350, 0, 0, 0, 0, 0, 0, 0, 500, 290, 2140
"/home/huangli/BTDWork/RDL-Router/router-w-heuristic-pin-assignment/solver20211008_3/Min_cost_solver/Min-Cost-Network-Flow-Lemon/lemon/full_graph.h", "C++", 0, 0, 679, 0, 0, 0, 0, 0, 0, 0, 206, 198, 1083
"/home/huangli/BTDWork/RDL-Router/router-w-heuristic-pin-assignment/solver20211008_3/Min_cost_solver/Min-Cost-Network-Flow-Lemon/lemon/glpk.cc", "C++", 0, 0, 820, 0, 0, 0, 0, 0, 0, 0, 38, 155, 1013
"/home/huangli/BTDWork/RDL-Router/router-w-heuristic-pin-assignment/solver20211008_3/Min_cost_solver/Min-Cost-Network-Flow-Lemon/lemon/glpk.h", "C++", 0, 0, 130, 0, 0, 0, 0, 0, 0, 0, 56, 78, 264
"/home/huangli/BTDWork/RDL-Router/router-w-heuristic-pin-assignment/solver20211008_3/Min_cost_solver/Min-Cost-Network-Flow-Lemon/lemon/gomory_hu.h", "C++", 0, 0, 287, 0, 0, 0, 0, 0, 0, 0, 214, 68, 569
"/home/huangli/BTDWork/RDL-Router/router-w-heuristic-pin-assignment/solver20211008_3/Min_cost_solver/Min-Cost-Network-Flow-Lemon/lemon/graph_to_eps.h", "C++", 0, 0, 770, 0, 0, 0, 0, 0, 0, 0, 271, 146, 1187
"/home/huangli/BTDWork/RDL-Router/router-w-heuristic-pin-assignment/solver20211008_3/Min_cost_solver/Min-Cost-Network-Flow-Lemon/lemon/greedy_tsp.h", "C++", 0, 0, 118, 0, 0, 0, 0, 0, 0, 0, 93, 41, 252
"/home/huangli/BTDWork/RDL-Router/router-w-heuristic-pin-assignment/solver20211008_3/Min_cost_solver/Min-Cost-Network-Flow-Lemon/lemon/grid_graph.h", "C++", 0, 0, 473, 0, 0, 0, 0, 0, 0, 0, 133, 94, 700
"/home/huangli/BTDWork/RDL-Router/router-w-heuristic-pin-assignment/solver20211008_3/Min_cost_solver/Min-Cost-Network-Flow-Lemon/lemon/grosso_locatelli_pullan_mc.h", "C++", 0, 0, 451, 0, 0, 0, 0, 0, 0, 0, 284, 106, 841
"/home/huangli/BTDWork/RDL-Router/router-w-heuristic-pin-assignment/solver20211008_3/Min_cost_solver/Min-Cost-Network-Flow-Lemon/lemon/hao_orlin.h", "C++", 0, 0, 725, 0, 0, 0, 0, 0, 0, 0, 157, 134, 1016
"/home/huangli/BTDWork/RDL-Router/router-w-heuristic-pin-assignment/solver20211008_3/Min_cost_solver/Min-Cost-Network-Flow-Lemon/lemon/hartmann_orlin_mmc.h", "C++", 0, 0, 355, 0, 0, 0, 0, 0, 0, 0, 224, 76, 655
"/home/huangli/BTDWork/RDL-Router/router-w-heuristic-pin-assignment/solver20211008_3/Min_cost_solver/Min-Cost-Network-Flow-Lemon/lemon/howard_mmc.h", "C++", 0, 0, 336, 0, 0, 0, 0, 0, 0, 0, 240, 76, 652
"/home/huangli/BTDWork/RDL-Router/router-w-heuristic-pin-assignment/solver20211008_3/Min_cost_solver/Min-Cost-Network-Flow-Lemon/lemon/hypercube_graph.h", "C++", 0, 0, 270, 0, 0, 0, 0, 0, 0, 0, 112, 78, 460
"/home/huangli/BTDWork/RDL-Router/router-w-heuristic-pin-assignment/solver20211008_3/Min_cost_solver/Min-Cost-Network-Flow-Lemon/lemon/insertion_tsp.h", "C++", 0, 0, 308, 0, 0, 0, 0, 0, 0, 0, 153, 73, 534
"/home/huangli/BTDWork/RDL-Router/router-w-heuristic-pin-assignment/solver20211008_3/Min_cost_solver/Min-Cost-Network-Flow-Lemon/lemon/karp_mmc.h", "C++", 0, 0, 307, 0, 0, 0, 0, 0, 0, 0, 212, 72, 591
"/home/huangli/BTDWork/RDL-Router/router-w-heuristic-pin-assignment/solver20211008_3/Min_cost_solver/Min-Cost-Network-Flow-Lemon/lemon/kruskal.h", "C++", 0, 0, 200, 0, 0, 0, 0, 0, 0, 0, 75, 50, 325
"/home/huangli/BTDWork/RDL-Router/router-w-heuristic-pin-assignment/solver20211008_3/Min_cost_solver/Min-Cost-Network-Flow-Lemon/lemon/lgf_reader.h", "C++", 0, 0, 2566, 0, 0, 0, 0, 0, 0, 0, 747, 542, 3855
"/home/huangli/BTDWork/RDL-Router/router-w-heuristic-pin-assignment/solver20211008_3/Min_cost_solver/Min-Cost-Network-Flow-Lemon/lemon/lgf_writer.h", "C++", 0, 0, 1771, 0, 0, 0, 0, 0, 0, 0, 569, 348, 2688
"/home/huangli/BTDWork/RDL-Router/router-w-heuristic-pin-assignment/solver20211008_3/Min_cost_solver/Min-Cost-Network-Flow-Lemon/lemon/list_graph.h", "C++", 0, 0, 1602, 0, 0, 0, 0, 0, 0, 0, 500, 409, 2511
"/home/huangli/BTDWork/RDL-Router/router-w-heuristic-pin-assignment/solver20211008_3/Min_cost_solver/Min-Cost-Network-Flow-Lemon/lemon/lp.h", "C++", 0, 0, 40, 0, 0, 0, 0, 0, 0, 0, 42, 14, 96
"/home/huangli/BTDWork/RDL-Router/router-w-heuristic-pin-assignment/solver20211008_3/Min_cost_solver/Min-Cost-Network-Flow-Lemon/lemon/lp_base.cc", "C++", 0, 0, 7, 0, 0, 0, 0, 0, 0, 0, 19, 5, 31
"/home/huangli/BTDWork/RDL-Router/router-w-heuristic-pin-assignment/solver20211008_3/Min_cost_solver/Min-Cost-Network-Flow-Lemon/lemon/lp_base.h", "C++", 0, 0, 999, 0, 0, 0, 0, 0, 0, 0, 794, 355, 2148
"/home/huangli/BTDWork/RDL-Router/router-w-heuristic-pin-assignment/solver20211008_3/Min_cost_solver/Min-Cost-Network-Flow-Lemon/lemon/lp_skeleton.cc", "C++", 0, 0, 85, 0, 0, 0, 0, 0, 0, 0, 19, 40, 144
"/home/huangli/BTDWork/RDL-Router/router-w-heuristic-pin-assignment/solver20211008_3/Min_cost_solver/Min-Cost-Network-Flow-Lemon/lemon/lp_skeleton.h", "C++", 0, 0, 76, 0, 0, 0, 0, 0, 0, 0, 111, 48, 235
"/home/huangli/BTDWork/RDL-Router/router-w-heuristic-pin-assignment/solver20211008_3/Min_cost_solver/Min-Cost-Network-Flow-Lemon/lemon/maps.h", "C++", 0, 0, 1777, 0, 0, 0, 0, 0, 0, 0, 1731, 550, 4058
"/home/huangli/BTDWork/RDL-Router/router-w-heuristic-pin-assignment/solver20211008_3/Min_cost_solver/Min-Cost-Network-Flow-Lemon/lemon/matching.h", "C++", 0, 0, 2432, 0, 0, 0, 0, 0, 0, 0, 499, 575, 3506
"/home/huangli/BTDWork/RDL-Router/router-w-heuristic-pin-assignment/solver20211008_3/Min_cost_solver/Min-Cost-Network-Flow-Lemon/lemon/math.h", "C++", 0, 0, 23, 0, 0, 0, 0, 0, 0, 0, 42, 13, 78
"/home/huangli/BTDWork/RDL-Router/router-w-heuristic-pin-assignment/solver20211008_3/Min_cost_solver/Min-Cost-Network-Flow-Lemon/lemon/max_cardinality_search.h", "C++", 0, 0, 365, 0, 0, 0, 0, 0, 0, 0, 341, 89, 795
"/home/huangli/BTDWork/RDL-Router/router-w-heuristic-pin-assignment/solver20211008_3/Min_cost_solver/Min-Cost-Network-Flow-Lemon/lemon/min_cost_arborescence.h", "C++", 0, 0, 450, 0, 0, 0, 0, 0, 0, 0, 256, 103, 809
"/home/huangli/BTDWork/RDL-Router/router-w-heuristic-pin-assignment/solver20211008_3/Min_cost_solver/Min-Cost-Network-Flow-Lemon/lemon/nagamochi_ibaraki.h", "C++", 0, 0, 426, 0, 0, 0, 0, 0, 0, 0, 183, 94, 703
"/home/huangli/BTDWork/RDL-Router/router-w-heuristic-pin-assignment/solver20211008_3/Min_cost_solver/Min-Cost-Network-Flow-Lemon/lemon/nauty_reader.h", "C++", 0, 0, 49, 0, 0, 0, 0, 0, 0, 0, 51, 14, 114
"/home/huangli/BTDWork/RDL-Router/router-w-heuristic-pin-assignment/solver20211008_3/Min_cost_solver/Min-Cost-Network-Flow-Lemon/lemon/nearest_neighbor_tsp.h", "C++", 0, 0, 112, 0, 0, 0, 0, 0, 0, 0, 91, 36, 239
"/home/huangli/BTDWork/RDL-Router/router-w-heuristic-pin-assignment/solver20211008_3/Min_cost_solver/Min-Cost-Network-Flow-Lemon/lemon/network_simplex.h", "C++", 0, 0, 1034, 0, 0, 0, 0, 0, 0, 0, 463, 163, 1660
"/home/huangli/BTDWork/RDL-Router/router-w-heuristic-pin-assignment/solver20211008_3/Min_cost_solver/Min-Cost-Network-Flow-Lemon/lemon/opt2_tsp.h", "C++", 0, 0, 198, 0, 0, 0, 0, 0, 0, 0, 116, 54, 368
"/home/huangli/BTDWork/RDL-Router/router-w-heuristic-pin-assignment/solver20211008_3/Min_cost_solver/Min-Cost-Network-Flow-Lemon/lemon/pairing_heap.h", "C++", 0, 0, 287, 0, 0, 0, 0, 0, 0, 0, 140, 48, 475
"/home/huangli/BTDWork/RDL-Router/router-w-heuristic-pin-assignment/solver20211008_3/Min_cost_solver/Min-Cost-Network-Flow-Lemon/lemon/path.h", "C++", 0, 0, 679, 0, 0, 0, 0, 0, 0, 0, 319, 167, 1165
"/home/huangli/BTDWork/RDL-Router/router-w-heuristic-pin-assignment/solver20211008_3/Min_cost_solver/Min-Cost-Network-Flow-Lemon/lemon/planarity.h", "C++", 0, 0, 1970, 0, 0, 0, 0, 0, 0, 0, 211, 574, 2755
"/home/huangli/BTDWork/RDL-Router/router-w-heuristic-pin-assignment/solver20211008_3/Min_cost_solver/Min-Cost-Network-Flow-Lemon/lemon/preflow.h", "C++", 0, 0, 584, 0, 0, 0, 0, 0, 0, 0, 283, 119, 986
"/home/huangli/BTDWork/RDL-Router/router-w-heuristic-pin-assignment/solver20211008_3/Min_cost_solver/Min-Cost-Network-Flow-Lemon/lemon/quad_heap.h", "C++", 0, 0, 153, 0, 0, 0, 0, 0, 0, 0, 157, 34, 344
"/home/huangli/BTDWork/RDL-Router/router-w-heuristic-pin-assignment/solver20211008_3/Min_cost_solver/Min-Cost-Network-Flow-Lemon/lemon/radix_heap.h", "C++", 0, 0, 239, 0, 0, 0, 0, 0, 0, 0, 150, 50, 439
"/home/huangli/BTDWork/RDL-Router/router-w-heuristic-pin-assignment/solver20211008_3/Min_cost_solver/Min-Cost-Network-Flow-Lemon/lemon/radix_sort.h", "C++", 0, 0, 358, 0, 0, 0, 0, 0, 0, 0, 77, 53, 488
"/home/huangli/BTDWork/RDL-Router/router-w-heuristic-pin-assignment/solver20211008_3/Min_cost_solver/Min-Cost-Network-Flow-Lemon/lemon/random.cc", "C++", 0, 0, 4, 0, 0, 0, 0, 0, 0, 0, 22, 4, 30
"/home/huangli/BTDWork/RDL-Router/router-w-heuristic-pin-assignment/solver20211008_3/Min_cost_solver/Min-Cost-Network-Flow-Lemon/lemon/random.h", "C++", 0, 0, 553, 0, 0, 0, 0, 0, 0, 0, 299, 154, 1006
"/home/huangli/BTDWork/RDL-Router/router-w-heuristic-pin-assignment/solver20211008_3/Min_cost_solver/Min-Cost-Network-Flow-Lemon/lemon/smart_graph.h", "C++", 0, 0, 764, 0, 0, 0, 0, 0, 0, 0, 328, 253, 1345
"/home/huangli/BTDWork/RDL-Router/router-w-heuristic-pin-assignment/solver20211008_3/Min_cost_solver/Min-Cost-Network-Flow-Lemon/lemon/soplex.cc", "C++", 0, 0, 372, 0, 0, 0, 0, 0, 0, 0, 19, 75, 466
"/home/huangli/BTDWork/RDL-Router/router-w-heuristic-pin-assignment/solver20211008_3/Min_cost_solver/Min-Cost-Network-Flow-Lemon/lemon/soplex.h", "C++", 0, 0, 80, 0, 0, 0, 0, 0, 0, 0, 35, 44, 159
"/home/huangli/BTDWork/RDL-Router/router-w-heuristic-pin-assignment/solver20211008_3/Min_cost_solver/Min-Cost-Network-Flow-Lemon/lemon/static_graph.h", "C++", 0, 0, 271, 0, 0, 0, 0, 0, 0, 0, 130, 76, 477
"/home/huangli/BTDWork/RDL-Router/router-w-heuristic-pin-assignment/solver20211008_3/Min_cost_solver/Min-Cost-Network-Flow-Lemon/lemon/suurballe.h", "C++", 0, 0, 375, 0, 0, 0, 0, 0, 0, 0, 313, 89, 777
"/home/huangli/BTDWork/RDL-Router/router-w-heuristic-pin-assignment/solver20211008_3/Min_cost_solver/Min-Cost-Network-Flow-Lemon/lemon/time_measure.h", "C++", 0, 0, 287, 0, 0, 0, 0, 0, 0, 0, 245, 79, 611
"/home/huangli/BTDWork/RDL-Router/router-w-heuristic-pin-assignment/solver20211008_3/Min_cost_solver/Min-Cost-Network-Flow-Lemon/lemon/tolerance.h", "C++", 0, 0, 77, 0, 0, 0, 0, 0, 0, 0, 119, 47, 243
"/home/huangli/BTDWork/RDL-Router/router-w-heuristic-pin-assignment/solver20211008_3/Min_cost_solver/Min-Cost-Network-Flow-Lemon/lemon/unionfind.h", "C++", 0, 0, 1122, 0, 0, 0, 0, 0, 0, 0, 437, 266, 1825
"/home/huangli/BTDWork/RDL-Router/router-w-heuristic-pin-assignment/solver20211008_3/main/input/design_data.json", "JSON", 0, 1547, 0, 0, 0, 0, 0, 0, 0, 0, 0, 0, 1547
"/home/huangli/BTDWork/RDL-Router/router-w-heuristic-pin-assignment/solver20211008_3/main/input/design_data_cLoc.json", "JSON", 0, 1529, 0, 0, 0, 0, 0, 0, 0, 0, 0, 0, 1529
"/home/huangli/BTDWork/RDL-Router/router-w-heuristic-pin-assignment/solver20211008_3/main/input/design_data_cLoc_original.json", "JSON", 0, 1558, 0, 0, 0, 0, 0, 0, 0, 0, 0, 0, 1558
"/home/huangli/BTDWork/RDL-Router/router-w-heuristic-pin-assignment/solver20211008_3/main/lemon/adaptors.h", "C++", 0, 0, 2336, 0, 0, 0, 0, 0, 0, 0, 674, 629, 3639
"/home/huangli/BTDWork/RDL-Router/router-w-heuristic-pin-assignment/solver20211008_3/main/lemon/arg_parser.cc", "C++", 0, 0, 419, 0, 0, 0, 0, 0, 0, 0, 17, 39, 475
"/home/huangli/BTDWork/RDL-Router/router-w-heuristic-pin-assignment/solver20211008_3/main/lemon/arg_parser.h", "C++", 0, 0, 211, 0, 0, 0, 0, 0, 0, 0, 145, 85, 441
"/home/huangli/BTDWork/RDL-Router/router-w-heuristic-pin-assignment/solver20211008_3/main/lemon/assert.h", "C++", 0, 0, 101, 0, 0, 0, 0, 0, 0, 0, 91, 23, 215
"/home/huangli/BTDWork/RDL-Router/router-w-heuristic-pin-assignment/solver20211008_3/main/lemon/base.cc", "C++", 0, 0, 12, 0, 0, 0, 0, 0, 0, 0, 19, 7, 38
"/home/huangli/BTDWork/RDL-Router/router-w-heuristic-pin-assignment/solver20211008_3/main/lemon/bellman_ford.h", "C++", 0, 0, 464, 0, 0, 0, 0, 0, 0, 0, 537, 116, 1117
"/home/huangli/BTDWork/RDL-Router/router-w-heuristic-pin-assignment/solver20211008_3/main/lemon/bfs.h", "C++", 0, 0, 746, 0, 0, 0, 0, 0, 0, 0, 807, 202, 1755
"/home/huangli/BTDWork/RDL-Router/router-w-heuristic-pin-assignment/solver20211008_3/main/lemon/bin_heap.h", "C++", 0, 0, 161, 0, 0, 0, 0, 0, 0, 0, 149, 38, 348
"/home/huangli/BTDWork/RDL-Router/router-w-heuristic-pin-assignment/solver20211008_3/main/lemon/binomial_heap.h", "C++", 0, 0, 252, 0, 0, 0, 0, 0, 0, 0, 147, 47, 446
"/home/huangli/BTDWork/RDL-Router/router-w-heuristic-pin-assignment/solver20211008_3/main/lemon/bits/alteration_notifier.h", "C++", 0, 0, 187, 0, 0, 0, 0, 0, 0, 0, 226, 60, 473
"/home/huangli/BTDWork/RDL-Router/router-w-heuristic-pin-assignment/solver20211008_3/main/lemon/bits/array_map.h", "C++", 0, 0, 210, 0, 0, 0, 0, 0, 0, 0, 101, 41, 352
"/home/huangli/BTDWork/RDL-Router/router-w-heuristic-pin-assignment/solver20211008_3/main/lemon/bits/bezier.h", "C++", 0, 0, 126, 0, 0, 0, 0, 0, 0, 0, 26, 23, 175
"/home/huangli/BTDWork/RDL-Router/router-w-heuristic-pin-assignment/solver20211008_3/main/lemon/bits/default_map.h", "C++", 0, 0, 98, 0, 0, 0, 0, 0, 0, 0, 39, 46, 183
"/home/huangli/BTDWork/RDL-Router/router-w-heuristic-pin-assignment/solver20211008_3/main/lemon/bits/edge_set_extender.h", "C++", 0, 0, 393, 0, 0, 0, 0, 0, 0, 0, 68, 167, 628
"/home/huangli/BTDWork/RDL-Router/router-w-heuristic-pin-assignment/solver20211008_3/main/lemon/bits/enable_if.h", "C++", 0, 0, 54, 0, 0, 0, 0, 0, 0, 0, 41, 37, 132
"/home/huangli/BTDWork/RDL-Router/router-w-heuristic-pin-assignment/solver20211008_3/main/lemon/bits/graph_adaptor_extender.h", "C++", 0, 0, 268, 0, 0, 0, 0, 0, 0, 0, 19, 115, 402
"/home/huangli/BTDWork/RDL-Router/router-w-heuristic-pin-assignment/solver20211008_3/main/lemon/bits/graph_extender.h", "C++", 0, 0, 919, 0, 0, 0, 0, 0, 0, 0, 93, 321, 1333
"/home/huangli/BTDWork/RDL-Router/router-w-heuristic-pin-assignment/solver20211008_3/main/lemon/bits/lock.h", "C++", 0, 0, 42, 0, 0, 0, 0, 0, 0, 0, 17, 7, 66
"/home/huangli/BTDWork/RDL-Router/router-w-heuristic-pin-assignment/solver20211008_3/main/lemon/bits/map_extender.h", "C++", 0, 0, 209, 0, 0, 0, 0, 0, 0, 0, 25, 99, 333
"/home/huangli/BTDWork/RDL-Router/router-w-heuristic-pin-assignment/solver20211008_3/main/lemon/bits/path_dump.h", "C++", 0, 0, 128, 0, 0, 0, 0, 0, 0, 0, 17, 33, 178
"/home/huangli/BTDWork/RDL-Router/router-w-heuristic-pin-assignment/solver20211008_3/main/lemon/bits/solver_bits.h", "C++", 0, 0, 147, 0, 0, 0, 0, 0, 0, 0, 17, 31, 195
"/home/huangli/BTDWork/RDL-Router/router-w-heuristic-pin-assignment/solver20211008_3/main/lemon/bits/traits.h", "C++", 0, 0, 281, 0, 0, 0, 0, 0, 0, 0, 21, 87, 389
"/home/huangli/BTDWork/RDL-Router/router-w-heuristic-pin-assignment/solver20211008_3/main/lemon/bits/variant.h", "C++", 0, 0, 262, 0, 0, 0, 0, 0, 0, 0, 161, 72, 495
"/home/huangli/BTDWork/RDL-Router/router-w-heuristic-pin-assignment/solver20211008_3/main/lemon/bits/vector_map.h", "C++", 0, 0, 103, 0, 0, 0, 0, 0, 0, 0, 102, 40, 245
"/home/huangli/BTDWork/RDL-Router/router-w-heuristic-pin-assignment/solver20211008_3/main/lemon/bits/windows.cc", "C++", 0, 0, 132, 0, 0, 0, 0, 0, 0, 0, 19, 16, 167
"/home/huangli/BTDWork/RDL-Router/router-w-heuristic-pin-assignment/solver20211008_3/main/lemon/bits/windows.h", "C++", 0, 0, 22, 0, 0, 0, 0, 0, 0, 0, 17, 6, 45
"/home/huangli/BTDWork/RDL-Router/router-w-heuristic-pin-assignment/solver20211008_3/main/lemon/bucket_heap.h", "C++", 0, 0, 285, 0, 0, 0, 0, 0, 0, 0, 240, 70, 595
"/home/huangli/BTDWork/RDL-Router/router-w-heuristic-pin-assignment/solver20211008_3/main/lemon/capacity_scaling.h", "C++", 0, 0, 534, 0, 0, 0, 0, 0, 0, 0, 373, 108, 1015
"/home/huangli/BTDWork/RDL-Router/router-w-heuristic-pin-assignment/solver20211008_3/main/lemon/cbc.cc", "C++", 0, 0, 352, 0, 0, 0, 0, 0, 0, 0, 19, 90, 461
"/home/huangli/BTDWork/RDL-Router/router-w-heuristic-pin-assignment/solver20211008_3/main/lemon/cbc.h", "C++", 0, 0, 66, 0, 0, 0, 0, 0, 0, 0, 29, 35, 130
"/home/huangli/BTDWork/RDL-Router/router-w-heuristic-pin-assignment/solver20211008_3/main/lemon/christofides_tsp.h", "C++", 0, 0, 115, 0, 0, 0, 0, 0, 0, 0, 105, 35, 255
"/home/huangli/BTDWork/RDL-Router/router-w-heuristic-pin-assignment/solver20211008_3/main/lemon/circulation.h", "C++", 0, 0, 382, 0, 0, 0, 0, 0, 0, 0, 324, 102, 808
"/home/huangli/BTDWork/RDL-Router/router-w-heuristic-pin-assignment/solver20211008_3/main/lemon/clp.cc", "C++", 0, 0, 368, 0, 0, 0, 0, 0, 0, 0, 17, 80, 465
"/home/huangli/BTDWork/RDL-Router/router-w-heuristic-pin-assignment/solver20211008_3/main/lemon/clp.h", "C++", 0, 0, 79, 0, 0, 0, 0, 0, 0, 0, 37, 49, 165
"/home/huangli/BTDWork/RDL-Router/router-w-heuristic-pin-assignment/solver20211008_3/main/lemon/color.cc", "C++", 0, 0, 18, 0, 0, 0, 0, 0, 0, 0, 19, 8, 45
"/home/huangli/BTDWork/RDL-Router/router-w-heuristic-pin-assignment/solver20211008_3/main/lemon/color.h", "C++", 0, 0, 101, 0, 0, 0, 0, 0, 0, 0, 78, 26, 205
"/home/huangli/BTDWork/RDL-Router/router-w-heuristic-pin-assignment/solver20211008_3/main/lemon/concept_check.h", "C++", 0, 0, 38, 0, 0, 0, 0, 0, 0, 0, 29, 11, 78
"/home/huangli/BTDWork/RDL-Router/router-w-heuristic-pin-assignment/solver20211008_3/main/lemon/concepts/bpgraph.h", "C++", 0, 0, 288, 0, 0, 0, 0, 0, 0, 0, 557, 185, 1030
"/home/huangli/BTDWork/RDL-Router/router-w-heuristic-pin-assignment/solver20211008_3/main/lemon/concepts/digraph.h", "C++", 0, 0, 136, 0, 0, 0, 0, 0, 0, 0, 264, 92, 492
"/home/huangli/BTDWork/RDL-Router/router-w-heuristic-pin-assignment/solver20211008_3/main/lemon/concepts/graph.h", "C++", 0, 0, 209, 0, 0, 0, 0, 0, 0, 0, 445, 135, 789
"/home/huangli/BTDWork/RDL-Router/router-w-heuristic-pin-assignment/solver20211008_3/main/lemon/concepts/graph_components.h", "C++", 0, 0, 979, 0, 0, 0, 0, 0, 0, 0, 817, 339, 2135
"/home/huangli/BTDWork/RDL-Router/router-w-heuristic-pin-assignment/solver20211008_3/main/lemon/concepts/heap.h", "C++", 0, 0, 138, 0, 0, 0, 0, 0, 0, 0, 147, 40, 325
"/home/huangli/BTDWork/RDL-Router/router-w-heuristic-pin-assignment/solver20211008_3/main/lemon/concepts/maps.h", "C++", 0, 0, 129, 0, 0, 0, 0, 0, 0, 0, 58, 37, 224
"/home/huangli/BTDWork/RDL-Router/router-w-heuristic-pin-assignment/solver20211008_3/main/lemon/concepts/path.h", "C++", 0, 0, 140, 0, 0, 0, 0, 0, 0, 0, 112, 61, 313
"/home/huangli/BTDWork/RDL-Router/router-w-heuristic-pin-assignment/solver20211008_3/main/lemon/connectivity.h", "C++", 0, 0, 1054, 0, 0, 0, 0, 0, 0, 0, 397, 238, 1689
"/home/huangli/BTDWork/RDL-Router/router-w-heuristic-pin-assignment/solver20211008_3/main/lemon/core.h", "C++", 0, 0, 1422, 0, 0, 0, 0, 0, 0, 0, 808, 277, 2507
"/home/huangli/BTDWork/RDL-Router/router-w-heuristic-pin-assignment/solver20211008_3/main/lemon/cost_scaling.h", "C++", 0, 0, 982, 0, 0, 0, 0, 0, 0, 0, 454, 172, 1608
"/home/huangli/BTDWork/RDL-Router/router-w-heuristic-pin-assignment/solver20211008_3/main/lemon/counter.h", "C++", 0, 0, 107, 0, 0, 0, 0, 0, 0, 0, 117, 26, 250
"/home/huangli/BTDWork/RDL-Router/router-w-heuristic-pin-assignment/solver20211008_3/main/lemon/cplex.cc", "C++", 0, 0, 694, 0, 0, 0, 0, 0, 0, 0, 167, 134, 995
"/home/huangli/BTDWork/RDL-Router/router-w-heuristic-pin-assignment/solver20211008_3/main/lemon/cplex.h", "C++", 0, 0, 140, 0, 0, 0, 0, 0, 0, 0, 78, 75, 293
"/home/huangli/BTDWork/RDL-Router/router-w-heuristic-pin-assignment/solver20211008_3/main/lemon/cycle_canceling.h", "C++", 0, 0, 732, 0, 0, 0, 0, 0, 0, 0, 381, 118, 1231
"/home/huangli/BTDWork/RDL-Router/router-w-heuristic-pin-assignment/solver20211008_3/main/lemon/dfs.h", "C++", 0, 0, 701, 0, 0, 0, 0, 0, 0, 0, 737, 200, 1638
"/home/huangli/BTDWork/RDL-Router/router-w-heuristic-pin-assignment/solver20211008_3/main/lemon/dheap.h", "C++", 0, 0, 157, 0, 0, 0, 0, 0, 0, 0, 162, 34, 353
"/home/huangli/BTDWork/RDL-Router/router-w-heuristic-pin-assignment/solver20211008_3/main/lemon/dijkstra.h", "C++", 0, 0, 569, 0, 0, 0, 0, 0, 0, 0, 566, 169, 1304
"/home/huangli/BTDWork/RDL-Router/router-w-heuristic-pin-assignment/solver20211008_3/main/lemon/dim2.h", "C++", 0, 0, 370, 0, 0, 0, 0, 0, 0, 0, 214, 143, 727
"/home/huangli/BTDWork/RDL-Router/router-w-heuristic-pin-assignment/solver20211008_3/main/lemon/dimacs.h", "C++", 0, 0, 289, 0, 0, 0, 0, 0, 0, 0, 131, 29, 449
"/home/huangli/BTDWork/RDL-Router/router-w-heuristic-pin-assignment/solver20211008_3/main/lemon/edge_set.h", "C++", 0, 0, 960, 0, 0, 0, 0, 0, 0, 0, 186, 275, 1421
"/home/huangli/BTDWork/RDL-Router/router-w-heuristic-pin-assignment/solver20211008_3/main/lemon/edmonds_karp.h", "C++", 0, 0, 267, 0, 0, 0, 0, 0, 0, 0, 217, 73, 557
"/home/huangli/BTDWork/RDL-Router/router-w-heuristic-pin-assignment/solver20211008_3/main/lemon/elevator.h", "C++", 0, 0, 585, 0, 0, 0, 0, 0, 0, 0, 253, 145, 983
"/home/huangli/BTDWork/RDL-Router/router-w-heuristic-pin-assignment/solver20211008_3/main/lemon/error.h", "C++", 0, 0, 159, 0, 0, 0, 0, 0, 0, 0, 76, 42, 277
"/home/huangli/BTDWork/RDL-Router/router-w-heuristic-pin-assignment/solver20211008_3/main/lemon/euler.h", "C++", 0, 0, 145, 0, 0, 0, 0, 0, 0, 0, 112, 31, 288
"/home/huangli/BTDWork/RDL-Router/router-w-heuristic-pin-assignment/solver20211008_3/main/lemon/fib_heap.h", "C++", 0, 0, 261, 0, 0, 0, 0, 0, 0, 0, 153, 62, 476
"/home/huangli/BTDWork/RDL-Router/router-w-heuristic-pin-assignment/solver20211008_3/main/lemon/fractional_matching.h", "C++", 0, 0, 1350, 0, 0, 0, 0, 0, 0, 0, 500, 290, 2140
"/home/huangli/BTDWork/RDL-Router/router-w-heuristic-pin-assignment/solver20211008_3/main/lemon/full_graph.h", "C++", 0, 0, 679, 0, 0, 0, 0, 0, 0, 0, 206, 198, 1083
"/home/huangli/BTDWork/RDL-Router/router-w-heuristic-pin-assignment/solver20211008_3/main/lemon/glpk.cc", "C++", 0, 0, 820, 0, 0, 0, 0, 0, 0, 0, 38, 155, 1013
"/home/huangli/BTDWork/RDL-Router/router-w-heuristic-pin-assignment/solver20211008_3/main/lemon/glpk.h", "C++", 0, 0, 130, 0, 0, 0, 0, 0, 0, 0, 56, 78, 264
"/home/huangli/BTDWork/RDL-Router/router-w-heuristic-pin-assignment/solver20211008_3/main/lemon/gomory_hu.h", "C++", 0, 0, 287, 0, 0, 0, 0, 0, 0, 0, 214, 68, 569
"/home/huangli/BTDWork/RDL-Router/router-w-heuristic-pin-assignment/solver20211008_3/main/lemon/graph_to_eps.h", "C++", 0, 0, 770, 0, 0, 0, 0, 0, 0, 0, 271, 146, 1187
"/home/huangli/BTDWork/RDL-Router/router-w-heuristic-pin-assignment/solver20211008_3/main/lemon/greedy_tsp.h", "C++", 0, 0, 118, 0, 0, 0, 0, 0, 0, 0, 93, 41, 252
"/home/huangli/BTDWork/RDL-Router/router-w-heuristic-pin-assignment/solver20211008_3/main/lemon/grid_graph.h", "C++", 0, 0, 473, 0, 0, 0, 0, 0, 0, 0, 133, 94, 700
"/home/huangli/BTDWork/RDL-Router/router-w-heuristic-pin-assignment/solver20211008_3/main/lemon/grosso_locatelli_pullan_mc.h", "C++", 0, 0, 451, 0, 0, 0, 0, 0, 0, 0, 284, 106, 841
"/home/huangli/BTDWork/RDL-Router/router-w-heuristic-pin-assignment/solver20211008_3/main/lemon/hao_orlin.h", "C++", 0, 0, 725, 0, 0, 0, 0, 0, 0, 0, 157, 134, 1016
"/home/huangli/BTDWork/RDL-Router/router-w-heuristic-pin-assignment/solver20211008_3/main/lemon/hartmann_orlin_mmc.h", "C++", 0, 0, 355, 0, 0, 0, 0, 0, 0, 0, 224, 76, 655
"/home/huangli/BTDWork/RDL-Router/router-w-heuristic-pin-assignment/solver20211008_3/main/lemon/howard_mmc.h", "C++", 0, 0, 336, 0, 0, 0, 0, 0, 0, 0, 240, 76, 652
"/home/huangli/BTDWork/RDL-Router/router-w-heuristic-pin-assignment/solver20211008_3/main/lemon/hypercube_graph.h", "C++", 0, 0, 270, 0, 0, 0, 0, 0, 0, 0, 112, 78, 460
"/home/huangli/BTDWork/RDL-Router/router-w-heuristic-pin-assignment/solver20211008_3/main/lemon/insertion_tsp.h", "C++", 0, 0, 308, 0, 0, 0, 0, 0, 0, 0, 153, 73, 534
"/home/huangli/BTDWork/RDL-Router/router-w-heuristic-pin-assignment/solver20211008_3/main/lemon/karp_mmc.h", "C++", 0, 0, 307, 0, 0, 0, 0, 0, 0, 0, 212, 72, 591
"/home/huangli/BTDWork/RDL-Router/router-w-heuristic-pin-assignment/solver20211008_3/main/lemon/kruskal.h", "C++", 0, 0, 200, 0, 0, 0, 0, 0, 0, 0, 75, 50, 325
"/home/huangli/BTDWork/RDL-Router/router-w-heuristic-pin-assignment/solver20211008_3/main/lemon/lgf_reader.h", "C++", 0, 0, 2566, 0, 0, 0, 0, 0, 0, 0, 747, 542, 3855
"/home/huangli/BTDWork/RDL-Router/router-w-heuristic-pin-assignment/solver20211008_3/main/lemon/lgf_writer.h", "C++", 0, 0, 1771, 0, 0, 0, 0, 0, 0, 0, 569, 348, 2688
"/home/huangli/BTDWork/RDL-Router/router-w-heuristic-pin-assignment/solver20211008_3/main/lemon/list_graph.h", "C++", 0, 0, 1602, 0, 0, 0, 0, 0, 0, 0, 500, 409, 2511
"/home/huangli/BTDWork/RDL-Router/router-w-heuristic-pin-assignment/solver20211008_3/main/lemon/lp.h", "C++", 0, 0, 40, 0, 0, 0, 0, 0, 0, 0, 42, 14, 96
"/home/huangli/BTDWork/RDL-Router/router-w-heuristic-pin-assignment/solver20211008_3/main/lemon/lp_base.cc", "C++", 0, 0, 7, 0, 0, 0, 0, 0, 0, 0, 19, 5, 31
"/home/huangli/BTDWork/RDL-Router/router-w-heuristic-pin-assignment/solver20211008_3/main/lemon/lp_base.h", "C++", 0, 0, 999, 0, 0, 0, 0, 0, 0, 0, 794, 355, 2148
"/home/huangli/BTDWork/RDL-Router/router-w-heuristic-pin-assignment/solver20211008_3/main/lemon/lp_skeleton.cc", "C++", 0, 0, 85, 0, 0, 0, 0, 0, 0, 0, 19, 40, 144
"/home/huangli/BTDWork/RDL-Router/router-w-heuristic-pin-assignment/solver20211008_3/main/lemon/lp_skeleton.h", "C++", 0, 0, 76, 0, 0, 0, 0, 0, 0, 0, 111, 48, 235
"/home/huangli/BTDWork/RDL-Router/router-w-heuristic-pin-assignment/solver20211008_3/main/lemon/maps.h", "C++", 0, 0, 1777, 0, 0, 0, 0, 0, 0, 0, 1731, 550, 4058
"/home/huangli/BTDWork/RDL-Router/router-w-heuristic-pin-assignment/solver20211008_3/main/lemon/matching.h", "C++", 0, 0, 2432, 0, 0, 0, 0, 0, 0, 0, 499, 575, 3506
"/home/huangli/BTDWork/RDL-Router/router-w-heuristic-pin-assignment/solver20211008_3/main/lemon/math.h", "C++", 0, 0, 23, 0, 0, 0, 0, 0, 0, 0, 42, 13, 78
"/home/huangli/BTDWork/RDL-Router/router-w-heuristic-pin-assignment/solver20211008_3/main/lemon/max_cardinality_search.h", "C++", 0, 0, 365, 0, 0, 0, 0, 0, 0, 0, 341, 89, 795
"/home/huangli/BTDWork/RDL-Router/router-w-heuristic-pin-assignment/solver20211008_3/main/lemon/min_cost_arborescence.h", "C++", 0, 0, 450, 0, 0, 0, 0, 0, 0, 0, 256, 103, 809
"/home/huangli/BTDWork/RDL-Router/router-w-heuristic-pin-assignment/solver20211008_3/main/lemon/nagamochi_ibaraki.h", "C++", 0, 0, 426, 0, 0, 0, 0, 0, 0, 0, 183, 94, 703
"/home/huangli/BTDWork/RDL-Router/router-w-heuristic-pin-assignment/solver20211008_3/main/lemon/nauty_reader.h", "C++", 0, 0, 49, 0, 0, 0, 0, 0, 0, 0, 51, 14, 114
"/home/huangli/BTDWork/RDL-Router/router-w-heuristic-pin-assignment/solver20211008_3/main/lemon/nearest_neighbor_tsp.h", "C++", 0, 0, 112, 0, 0, 0, 0, 0, 0, 0, 91, 36, 239
"/home/huangli/BTDWork/RDL-Router/router-w-heuristic-pin-assignment/solver20211008_3/main/lemon/network_simplex.h", "C++", 0, 0, 1034, 0, 0, 0, 0, 0, 0, 0, 463, 163, 1660
"/home/huangli/BTDWork/RDL-Router/router-w-heuristic-pin-assignment/solver20211008_3/main/lemon/opt2_tsp.h", "C++", 0, 0, 198, 0, 0, 0, 0, 0, 0, 0, 116, 54, 368
"/home/huangli/BTDWork/RDL-Router/router-w-heuristic-pin-assignment/solver20211008_3/main/lemon/pairing_heap.h", "C++", 0, 0, 287, 0, 0, 0, 0, 0, 0, 0, 140, 48, 475
"/home/huangli/BTDWork/RDL-Router/router-w-heuristic-pin-assignment/solver20211008_3/main/lemon/path.h", "C++", 0, 0, 679, 0, 0, 0, 0, 0, 0, 0, 319, 167, 1165
"/home/huangli/BTDWork/RDL-Router/router-w-heuristic-pin-assignment/solver20211008_3/main/lemon/planarity.h", "C++", 0, 0, 1970, 0, 0, 0, 0, 0, 0, 0, 211, 574, 2755
"/home/huangli/BTDWork/RDL-Router/router-w-heuristic-pin-assignment/solver20211008_3/main/lemon/preflow.h", "C++", 0, 0, 584, 0, 0, 0, 0, 0, 0, 0, 283, 119, 986
"/home/huangli/BTDWork/RDL-Router/router-w-heuristic-pin-assignment/solver20211008_3/main/lemon/quad_heap.h", "C++", 0, 0, 153, 0, 0, 0, 0, 0, 0, 0, 157, 34, 344
"/home/huangli/BTDWork/RDL-Router/router-w-heuristic-pin-assignment/solver20211008_3/main/lemon/radix_heap.h", "C++", 0, 0, 239, 0, 0, 0, 0, 0, 0, 0, 150, 50, 439
"/home/huangli/BTDWork/RDL-Router/router-w-heuristic-pin-assignment/solver20211008_3/main/lemon/radix_sort.h", "C++", 0, 0, 358, 0, 0, 0, 0, 0, 0, 0, 77, 53, 488
"/home/huangli/BTDWork/RDL-Router/router-w-heuristic-pin-assignment/solver20211008_3/main/lemon/random.cc", "C++", 0, 0, 4, 0, 0, 0, 0, 0, 0, 0, 22, 4, 30
"/home/huangli/BTDWork/RDL-Router/router-w-heuristic-pin-assignment/solver20211008_3/main/lemon/random.h", "C++", 0, 0, 553, 0, 0, 0, 0, 0, 0, 0, 299, 154, 1006
"/home/huangli/BTDWork/RDL-Router/router-w-heuristic-pin-assignment/solver20211008_3/main/lemon/smart_graph.h", "C++", 0, 0, 764, 0, 0, 0, 0, 0, 0, 0, 328, 253, 1345
"/home/huangli/BTDWork/RDL-Router/router-w-heuristic-pin-assignment/solver20211008_3/main/lemon/soplex.cc", "C++", 0, 0, 372, 0, 0, 0, 0, 0, 0, 0, 19, 75, 466
"/home/huangli/BTDWork/RDL-Router/router-w-heuristic-pin-assignment/solver20211008_3/main/lemon/soplex.h", "C++", 0, 0, 80, 0, 0, 0, 0, 0, 0, 0, 35, 44, 159
"/home/huangli/BTDWork/RDL-Router/router-w-heuristic-pin-assignment/solver20211008_3/main/lemon/static_graph.h", "C++", 0, 0, 271, 0, 0, 0, 0, 0, 0, 0, 130, 76, 477
"/home/huangli/BTDWork/RDL-Router/router-w-heuristic-pin-assignment/solver20211008_3/main/lemon/suurballe.h", "C++", 0, 0, 375, 0, 0, 0, 0, 0, 0, 0, 313, 89, 777
"/home/huangli/BTDWork/RDL-Router/router-w-heuristic-pin-assignment/solver20211008_3/main/lemon/time_measure.h", "C++", 0, 0, 287, 0, 0, 0, 0, 0, 0, 0, 245, 79, 611
"/home/huangli/BTDWork/RDL-Router/router-w-heuristic-pin-assignment/solver20211008_3/main/lemon/tolerance.h", "C++", 0, 0, 77, 0, 0, 0, 0, 0, 0, 0, 119, 47, 243
"/home/huangli/BTDWork/RDL-Router/router-w-heuristic-pin-assignment/solver20211008_3/main/lemon/unionfind.h", "C++", 0, 0, 1122, 0, 0, 0, 0, 0, 0, 0, 437, 266, 1825
"/home/huangli/BTDWork/RDL-Router/router-w-heuristic-pin-assignment/solver20211008_3/main/src/Makefile", "Makefile", 0, 0, 0, 14, 0, 0, 0, 0, 0, 0, 0, 3, 17
"/home/huangli/BTDWork/RDL-Router/router-w-heuristic-pin-assignment/solver20211008_3/main/src/README.md", "Markdown", 0, 0, 0, 0, 21, 0, 0, 0, 0, 0, 0, 8, 29
"/home/huangli/BTDWork/RDL-Router/router-w-heuristic-pin-assignment/solver20211008_3/main/src/bp.cpp", "C++", 0, 0, 59, 0, 0, 0, 0, 0, 0, 0, 4, 2, 65
"/home/huangli/BTDWork/RDL-Router/router-w-heuristic-pin-assignment/solver20211008_3/main/src/bp.h", "C++", 0, 0, 25, 0, 0, 0, 0, 0, 0, 0, 0, 6, 31
"/home/huangli/BTDWork/RDL-Router/router-w-heuristic-pin-assignment/solver20211008_3/main/src/edge.cpp", "C++", 0, 0, 13, 0, 0, 0, 0, 0, 0, 0, 2, 1, 16
"/home/huangli/BTDWork/RDL-Router/router-w-heuristic-pin-assignment/solver20211008_3/main/src/edge.h", "C++", 0, 0, 28, 0, 0, 0, 0, 0, 0, 0, 0, 5, 33
"/home/huangli/BTDWork/RDL-Router/router-w-heuristic-pin-assignment/solver20211008_3/main/src/io.cpp", "C++", 0, 0, 382, 0, 0, 0, 0, 0, 0, 0, 38, 31, 451
"/home/huangli/BTDWork/RDL-Router/router-w-heuristic-pin-assignment/solver20211008_3/main/src/io.h", "C++", 0, 0, 54, 0, 0, 0, 0, 0, 0, 0, 1, 7, 62
"/home/huangli/BTDWork/RDL-Router/router-w-heuristic-pin-assignment/solver20211008_3/main/src/main.cpp", "C++", 0, 0, 329, 0, 0, 0, 0, 0, 0, 0, 125, 69, 523
"/home/huangli/BTDWork/RDL-Router/router-w-heuristic-pin-assignment/solver20211008_3/main/src/maze.cpp", "C++", 0, 0, 729, 0, 0, 0, 0, 0, 0, 0, 135, 68, 932
"/home/huangli/BTDWork/RDL-Router/router-w-heuristic-pin-assignment/solver20211008_3/main/src/maze.h", "C++", 0, 0, 88, 0, 0, 0, 0, 0, 0, 0, 2, 15, 105
"/home/huangli/BTDWork/RDL-Router/router-w-heuristic-pin-assignment/solver20211008_3/main/src/nlohmann/json.hpp", "C++", 0, 0, 15089, 0, 0, 0, 0, 0, 0, 0, 8520, 2546, 26155
"/home/huangli/BTDWork/RDL-Router/router-w-heuristic-pin-assignment/solver20211008_3/main/src/node.cpp", "C++", 0, 0, 7, 0, 0, 0, 0, 0, 0, 0, 0, 3, 10
"/home/huangli/BTDWork/RDL-Router/router-w-heuristic-pin-assignment/solver20211008_3/main/src/node.h", "C++", 0, 0, 30, 0, 0, 0, 0, 0, 0, 0, 2, 8, 40
"/home/huangli/BTDWork/RDL-Router/router-w-heuristic-pin-assignment/solver20211008_3/main/src/parse.cpp", "C++", 0, 0, 1548, 0, 0, 0, 0, 0, 0, 0, 275, 162, 1985
"/home/huangli/BTDWork/RDL-Router/router-w-heuristic-pin-assignment/solver20211008_3/main/src/parse.h", "C++", 0, 0, 248, 0, 0, 0, 0, 0, 0, 0, 15, 42, 305
"/home/huangli/BTDWork/RDL-Router/router-w-heuristic-pin-assignment/solver20211008_3/main/src/r.log", "Log", 337, 0, 0, 0, 0, 0, 0, 0, 0, 0, 0, 1, 338
"/home/huangli/BTDWork/RDL-Router/router-w-heuristic-pin-assignment/solver20211008_3/main/src/rdlblock.cpp", "C++", 0, 0, 940, 0, 0, 0, 0, 0, 0, 0, 131, 119, 1190
"/home/huangli/BTDWork/RDL-Router/router-w-heuristic-pin-assignment/solver20211008_3/main/src/rdlblock.h", "C++", 0, 0, 65, 0, 0, 0, 0, 0, 0, 0, 7, 15, 87
"/home/huangli/BTDWork/RDL-Router/router-w-heuristic-pin-assignment/solver20211008_3/main/src/tile.cpp", "C++", 0, 0, 883, 0, 0, 0, 0, 0, 0, 0, 83, 60, 1026
"/home/huangli/BTDWork/RDL-Router/router-w-heuristic-pin-assignment/solver20211008_3/main/src/tile.h", "C++", 0, 0, 144, 0, 0, 0, 0, 0, 0, 0, 4, 23, 171
"/home/huangli/BTDWork/RDL-Router/router-w-heuristic-pin-assignment/solver20211008_3/makefile", "Makefile", 0, 0, 0, 21, 0, 0, 0, 0, 0, 0, 3, 15, 39
"/home/huangli/BTDWork/RDL-Router/router-w-heuristic-pin-assignment/solver20211008_3/pin-connect/src/Makefile", "Makefile", 0, 0, 0, 6, 0, 0, 0, 0, 0, 0, 0, 2, 8
"/home/huangli/BTDWork/RDL-Router/router-w-heuristic-pin-assignment/solver20211008_3/pin-connect/src/data.h", "C++", 0, 0, 89, 0, 0, 0, 0, 0, 0, 0, 0, 11, 100
"/home/huangli/BTDWork/RDL-Router/router-w-heuristic-pin-assignment/solver20211008_3/pin-connect/src/main.cpp", "C++", 0, 0, 74, 0, 0, 0, 0, 0, 0, 0, 16, 8, 98
"/home/huangli/BTDWork/RDL-Router/router-w-heuristic-pin-assignment/solver20211008_3/python/python.py", "Python", 0, 0, 0, 0, 0, 0, 0, 0, 558, 0, 147, 61, 766
"/home/huangli/BTDWork/RDL-Router/router-w-heuristic-pin-assignment/solver20211008_3/r.log", "Log", 542, 0, 0, 0, 0, 0, 0, 0, 0, 0, 0, 12, 554
"/home/huangli/BTDWork/RDL-Router/router-w-heuristic-pin-assignment/solver20211008_3/run.sh", "Shell Script", 0, 0, 0, 0, 0, 0, 0, 0, 0, 29, 6, 3, 38
"/home/huangli/BTDWork/RDL-Router/router-w-heuristic-pin-assignment/solver20211008_3/sdc_parser/src/Makefile", "Makefile", 0, 0, 0, 9, 0, 0, 0, 0, 0, 0, 0, 2, 11
"/home/huangli/BTDWork/RDL-Router/router-w-heuristic-pin-assignment/solver20211008_3/sdc_parser/src/main.cpp", "C++", 0, 0, 35, 0, 0, 0, 0, 0, 0, 0, 18, 10, 63
"/home/huangli/BTDWork/RDL-Router/router-w-heuristic-pin-assignment/solver20211008_3/sdc_parser/src/net.cpp", "C++", 0, 0, 403, 0, 0, 0, 0, 0, 0, 0, 98, 61, 562
"/home/huangli/BTDWork/RDL-Router/router-w-heuristic-pin-assignment/solver20211008_3/sdc_parser/src/net.h", "C++", 0, 0, 92, 0, 0, 0, 0, 0, 0, 0, 28, 33, 153
"/home/huangli/BTDWork/RDL-Router/router-w-heuristic-pin-assignment/solver20211008_3/sdc_parser/src/r.log", "Log", 197, 0, 0, 0, 0, 0, 0, 0, 0, 0, 0, 90, 287
"/home/huangli/BTDWork/RDL-Router/router-w-heuristic-pin-assignment/solver20211008_3/test.sh", "Shell Script", 0, 0, 0, 0, 0, 0, 0, 0, 0, 8, 0, 0, 8
"Total", "-", 1515, 4634, 126008, 240, 39, 300, 507, 311, 558, 37, 60492, 30981, 225622